<?xml version='1.0' encoding='UTF-8'?>
<com.cloudbees.plugins.credentials.SystemCredentialsProvider plugin="credentials@1.22">
    <domainCredentialsMap class="hudson.util.CopyOnWriteMap$Hash">
        <entry>
            <com.cloudbees.plugins.credentials.domains.Domain>
                <specifications/>
            </com.cloudbees.plugins.credentials.domains.Domain>
            <java.util.concurrent.CopyOnWriteArrayList>
                <com.cloudbees.jenkins.plugins.sshcredentials.impl.BasicSSHUserPrivateKey plugin="ssh-credentials@1.10">
                    <scope>GLOBAL</scope>
                    <id>aaaaaaaa-bbbb-cccc-ddd-eeeeeeeeeeee</id>
                    <description>The credentials that are associated with my github repo</description>
                    <username>ci ssh key</username>
                    <passphrase>abcdefghijklmnopqrstuvwx</passphrase>
                    <privateKeySource class="com.cloudbees.jenkins.plugins.sshcredentials.impl.BasicSSHUserPrivateKey$DirectEntryPrivateKeySource">
                        <privateKey>
                            put your private ssh key here
                        </privateKey>
                    </privateKeySource>
                </com.cloudbees.jenkins.plugins.sshcredentials.impl.BasicSSHUserPrivateKey>
            </java.util.concurrent.CopyOnWriteArrayList>
        </entry>
    </domainCredentialsMap>
</com.cloudbees.plugins.credentials.SystemCredentialsProvider>